Ship Date,Total Owed,Product Name
2025-09-22T20:12:25.954Z,"1,601",ポリグリップ 新 極細ノズル 無添加 部分・総入れ歯安定剤 70g + 新無添加8.5g(非売品)付き 【Amazon.co.jp 限定】
2025-09-18T16:56:29.567Z,"2,099",マスク 個包装 [JIS規格] 100枚入 夏用 快適 不織布 使い捨てマスク 通気超快適 高性能フィルター 風邪 花粉 飛沫防止 Amazon限定ブランド 日本の品質[正規品]
2025-08-25T11:50:36.549Z,"4,280",【医師推奨】ウィンゾーン プロテイン ホエイ プレーン ビタミン11種 ミネラル4種配合 1kg WPC 日本新薬 国内製造
2025-08-25T04:15:04.636Z,"2,150",アクアソリタゼリー 130g 経口補水液 水・電解質補給 【商標登録番号 第6585805】 (りんご-12個)
2025-08-07T19:55:14.049Z,"6,334",by Amazon カルビー フルグラ 950g×6袋
2025-08-05T08:54:43.753Z,"1,280",花王 ホワイト 固形せっけん 石鹸 石けん バスサイズ 130g ホワイトフローラル 9個入り バラ売り ポスト投函
2025-07-28T15:45:56.988Z,897,【公式】 [ 小林製薬 ] メンズケシミンクリーム 【 シミ そばかす 対策に! 】メンズ トラネキサム酸 配合/医薬部外品(20g)
2025-07-28T15:45:56.988Z,"1,100",【公式】 メンズケシミン [ 小林製薬 ] プレミアム化粧水 【シワ改善に そばかす対策 ナイアシンアミドとトラネキサム酸 配合/薬用 医薬部外品 (160ml)
2025-07-25T07:12:18.507Z,"7,149",Kentai NEWウェイトゲイン アドバンス ミルクチョコ 3kg
2025-07-24T20:26:29.765Z,"1,570",貝印 axia カミソリ 替刃 12個 メンズ 剃刀 ひげそり T字 5枚刃 カイレザー kai razor
2025-07-13T06:52:05.080Z,"2,927",ケロッグ 玄米フレーク 240g ×6袋
2025-07-03T21:21:19.984Z,"1,699",マスク 個包装 [JIS規格] 100枚入 夏用 快適 不織布 使い捨てマスク 通気超快適 高性能フィルター 風邪 花粉 飛沫防止 Amazon限定ブランド 日本の品質[正規品]
2025-06-18T15:18:36.856Z,"4,170",【SUINNO スイノ】レジャーシート 大判 厚手 200×200cm 撥水 洗える クッション ピクニックシート ペグ付き ペグ穴あり 4〜6人用 おしゃれ キルティング 遠足 キャンプ 運動会 アウトドア (ブルー)
2025-06-16T07:09:51.402Z,"2,927",ケロッグ 玄米フレーク 240g ×6袋
2025-06-09T16:17:16.623Z,550,【1袋】果肉・タピオカ用 太いストロー (80本入り) 8×210㎜ ストライプ 食品衛生法適合品 太口サイズでぐいっと飲める 果肉もそのまま 飲料用 使い捨て用 スムージー まとめ買い パーティー スイーツ作り デコ弁 チーズ ハム 型抜きにも
2025-06-08T06:48:09.520Z,"3,980",【医師推奨】WINZONE（ウィンゾーン）ホエイ プロテイン パーフェクトチョイス 1kg プレーン WPC ぷろていん 11種ビタミン 4種ミネラル 日本新薬 国内製造 アスクドクターズ 国際味覚認証
2025-06-08T02:07:50.597Z,721,イノマタ化学(Inomata-K) 電子レンジ容器 楽ちんパック 角型 600ml 4色組 日本製 9806 ピンク/オレンジ/グリーン/ブルー
2025-06-04T21:23:45.791Z,"3,776",[グンゼ] 半ズボン下 快適工房 オールシーズン 年間 前あき ズボン下 綿100 コットン 日本製 下着 肌着 抗菌 防臭 KQ5007 メンズ ホワイト L
2025-06-03T16:02:31.495Z,750,日本製 タピオカストロー 半透明 50本セット 直径12mm×長さ180mm (約) タピオカ用ストロー
2025-05-25T02:36:57.884Z,"7,313",Kentai NEWウェイトゲイン アドバンス ミルクチョコ 3kg
2025-05-15T05:32:30.704Z,"3,490",貝印 axia カミソリ 替刃 12個 メンズ 剃刀 ひげそり T字 5枚刃 カイレザー kai razor
2025-05-05T07:10:37.764Z,175,白十字 FC カット綿 5cmx5cm 50g
2025-05-05T02:42:08.897Z,"4,780",ダノン オイコス ヨーグルト プレーン（無糖）12個 + ストロベリー 12個 合計 24個セット 要冷蔵
2025-04-23T08:46:51.257Z,"2,614",【Amazon.co.jp 限定】新ポリグリップ 極細ノズル 無添加 部分・総入れ歯安定剤 70g 2本 + 新ポリグリップ無添加8.5g(非売品)付き
2025-04-16T21:23:06.844Z,"1,999",マスク 個包装 [JIS規格適合] 100枚入 不織布 使い捨てマスク 通気超快適 高性能フィルター 風邪 花粉 飛沫防止 Amazon限定ブランド 日本の品質[正規品]
2025-04-06T11:13:25.093Z,893,味の素 経口補水液アクアソリタゼリー りんご風味 130g×6個
2025-03-28T08:25:59.532Z,"3,755",味の素 経口補水液アクアソリタ 500mLx24本
2025-03-11T21:16:22.252Z,"1,926",【完全メシ】 日清食品 ハヤシメシ デミグラス 6食 たんぱく質 PFCバランス 食物繊維
2025-03-11T21:16:22.252Z,"1,926",【完全メシ】日清食品 カレーメシ 欧風カレー 6食セット たんぱく質20.9g PFCバランス 食物繊維11.1g
2025-03-05T02:12:42.914Z,"2,035",【正規輸入品】P&G Bounty(バウンティ) べーパータオル セレクトアサイズプリント 90カット 2ロール
2025-02-16T14:15:38.327Z,"1,100",百人一首がよくわかる
2025-02-16T14:15:38.327Z,"1,182",【公式】 メンズケシミン [ 小林製薬 ] プレミアム化粧水 【シワ改善に そばかす対策 ナイアシンアミドとトラネキサム酸 配合/薬用 医薬部外品 (160ml)
2025-02-10T21:32:34.070Z,"1,755",貝印 axia カミソリ 替刃 12個 メンズ 剃刀 ひげそり T字 5枚刃 カイレザー kai razor
2025-02-05T14:09:53.529Z,"1,700",味の素 Cook Do クックドゥ 香味ペースト 汎用ペースト調味料 222g×2個
2025-01-31T16:26:56.638Z,"1,299",TOSSOW ファイルボックス a4 紙 ファイル立て ファイルスタンド 収納ボックス ボックス ファイル 組み立て式 5個組 ホーム オフィス用品 大理石木目
2025-01-27T15:19:16.996Z,893,味の素 経口補水液アクアソリタゼリー りんご風味 130g×6個
2025-01-27T07:18:48.635Z,"3,913",味の素 経口補水液アクアソリタ 500mLx24本
2025-01-13T17:04:46.386Z,"2,378",[アモジ]メンズ スリッパ 室内 ルームシューズ レディース クロッグサンダル サボサンダル ビジネス オフィス ビーチ ベランダ ファッションサンダル 夏用 通気 部屋 おしゃれ クッション 大きいサイズ 幅広 内 外履き 屋外 AM1702 白 ホワイト 24.0cm
2025-01-03T18:35:36.038Z,"1,300",パナソニック LED懐中電灯 乾電池エボルタNEO付 BF-BG41K-W
2024-11-25T06:58:19.141Z,"1,690","ロングパンツ 半ズボン下 ステテコ 7分丈 前開き ２枚組 綿100％ 紳士用 メンズ インナー 男性用 消臭 ヤマダ (L, シロ)"
2024-11-21T06:57:13.650Z,"5,236",[グンゼ] インナーシャツ 半袖U首シャツ クレープ ピケ 綿100% 2枚組 CUM116 メンズ ホワイト 日本 L (日本サイズL相当)
2024-11-03T01:13:32.816Z,"6,960",パジャマ メンズ 綿100% フレンチテリー スウェット 柔らかい 快適 上下セット 長袖 無地 ラグラン 春 秋 ルームウェア ブルー Mサイズ
2024-11-03T01:13:32.816Z,"5,360",パジャマ メンズ 綿100% 薄手 Tシャツ生地 柔らかい 快適 上下セット 長袖 無地 春 秋 チャコール Mサイズ
2024-10-30T08:10:52.853Z,"3,442",味の素 経口補水液アクアソリタ 500mLx24本
2024-10-27T17:59:41.334Z,880,味の素 経口補水液アクアソリタゼリー りんご風味 130g×6個
2024-10-27T17:59:41.334Z,"1,262",OS-1(オーエスワン) 大塚製薬工場 経口補水液 オーエスワンゼリーパウチ 200gx6袋
2024-09-30T06:42:48.438Z,"1,348",【Amazon.co.jp限定】CCL やかんの麦茶 from 爽健美茶 ラベルレス 2LPET×8本
2024-09-22T02:35:48.291Z,"13,100",味の素 アミノバイタル プロ グレープフルーツ味 120本入箱 アミノ酸 3800mg BCAA EAA コンディショニング
2024-09-11T04:44:17.848Z,"1,690",アイリスオーヤマ LED蛍光灯 LED直管ランプ 15形 工事不要 グロースタータ式器具専用 昼光色 LDG15T・D・5/7V2 [並行輸入品]
2024-09-08T14:07:06.689Z,699,マイクロ usb ケーブル Rampow Micro USB ケーブル【2M/黒】 QC3.0急速充電ケーブル 高速データ転送 ps4コントローラー対応 Android多機種スマホ対応 android充電ケーブル usbケーブル
2024-08-14T15:27:13Z,840,味の素 Cook Do香味ペースト(汎用ペースト調味料)<塩> 120g
2024-08-14T05:05:42Z,"5,346",除菌研究所 次亜塩素酸水生成パウダー 120g ジクロロイソシアヌル酸 消臭 プール除菌剤 塩素除菌剤【軽量スプーン2本付】濃度500ppm 144リットル分 詳細説明書付 スプレー 超音波加湿器 家庭用プール 日本製 3袋セット
2024-07-21T21:06:39Z,"13,290",味の素 アミノバイタル プロ グレープフルーツ味 120本入箱 アミノ酸 3800mg BCAA EAA コンディショニング
2024-07-20T11:16:32Z,"1,515",貝印 KAI RAZOR axia(カイ レザー アクシア)5枚刃 替刃 12個入
2024-07-18T06:57:35Z,"5,236",[グンゼ] インナーシャツ 半袖U首シャツ クレープ ピケ 綿100% 2枚組 CUM116 メンズ ホワイト 日本 L (日本サイズL相当)
2024-04-25T01:07:22Z,"2,640",[グンゼ] インナーシャツ やわらか肌着 綿100% 抗菌防臭加工 半袖V首 4枚組 SV61152 メンズ ホワイト L
2024-04-10T08:58:24Z,807,味の素 Cook Do香味ペースト(汎用ペースト調味料)<塩> 120g
2024-03-17T07:09:41Z,"13,765",味の素 アミノバイタル プロ グレープフルーツ味 120本入箱 アミノ酸 3800mg BCAA EAA コンディショニング
2024-03-13T09:15:34Z,"2,568",VICTORINOX(ビクトリノックス) カンオープナー 簡単に缶のふたを開けることができる缶切り レッド 円形刃の手動式カンオープナー 栓抜きとしても使用可能 7.6857
2024-03-13T07:55:53Z,900,【指定第2類医薬品】新リビメックスコーワ軟膏 8g
2024-02-24T07:54:06Z,"2,618",【公式】 メンズケシミン [ 小林製薬 ] メンズ ケシミン プレミアム化粧水 【 シミ そばかす シワ改善に 】 ケシミンナイアシンアミドとトラネキサム酸 配合/薬用 医薬部外品 (160ml)
2024-02-19T07:08:22Z,"5,206",【第2類医薬品】ロートクリニカル抗菌目薬i 0.5mL×20本 ×4
2024-02-19T05:10:53Z,"2,316",【完全メシ】日清食品 カレーメシ 欧風カレー 6食セット たんぱく質20.9g PFCバランス 食物繊維11.1g
2024-02-18T23:32:23Z,"3,351",【完全メシ】 日清食品 トマトクリームポタージュ 12食 カップスープ たんぱく質 PFCバランス 食物繊維
2024-01-22T12:48:26Z,"13,352",味の素 アミノバイタル プロ グレープフルーツ味 120本入箱 アミノ酸 3800mg BCAA EAA コンディショニング
2023-12-18T02:22:15Z,"1,444",マスク 個包装 [JIS規格適合] 100枚入 不織布 使い捨てマスク 通気超快適 高性能フィルター 風邪 花粉 飛沫防止 Amazon限定ブランド 日本の品質[正規品]
2023-12-15T04:15:20Z,"5,346",除菌研究所 次亜塩素酸水生成パウダー 120g ジクロロイソシアヌル酸 消臭 プール除菌剤 塩素除菌剤【軽量スプーン2本付】濃度500ppm 144リットル分 詳細説明書付 スプレー 超音波加湿器 家庭用プール 日本製 3袋セット
2023-11-25T05:51:50Z,"4,580",2023年産 青森県産りんご ご家庭用 訳あり サンふじ アップルロード工藤農園 (5ｋｇ)
2023-11-25T05:51:49Z,"3,780",2023年産 青森県産りんご ご家庭用 訳あり サンふじ アップルロード工藤農園 (5ｋｇ)
2023-11-19T13:07:52Z,"12,809",味の素 アミノバイタル プロ グレープフルーツ味 120本入箱 アミノ酸 3800mg BCAA EAA コンディショニング
2023-11-19T05:06:53Z,"1,980",除菌研究所 次亜塩素酸水生成パウダー 120g 濃度500ppm 144リットル分 ジクロロイソシアヌル酸 消臭 プール除菌剤 塩素除菌剤【軽量スプーン2本付】詳細説明書付 スプレー 超音波加湿器 家庭用プール 日本製
2023-11-16T07:59:11Z,"1,947",貝印 ａｘｉａ 替刃12個入 男性 カミソリ 髭剃り 深剃り 17個アソート
2023-11-11T15:10:31Z,899,キユーピー やさしい献立 とろみファイン 1.5g×50本
2023-11-03T16:36:02Z,"1,964",メンズケシミンクリーム 男のシミ対策 20g 【医薬部外品】
2023-11-02T09:44:13Z,"2,618",[グンゼ] スパンブリーフ 良品紀行 綿100% 3枚組 SV31303 メンズ ホワイト LL
2023-10-31T08:24:06Z,"1,300",シャチハタ 印鑑 ハンコ ネーム9 XL-9 印面9.5ミリ 堀内
2023-10-31T07:22:09Z,"3,327",[グンゼ] トランクス 快適工房 年間 綿100% パンツ 前とじ KH1001 メンズ ホワイト 日本L (日本サイズL相当)
2023-10-30T14:59:41Z,"1,830",『お徳用松葉昆布（細切り塩昆布）140ｇ』 【江戸末期創業・庚申昆布梅須磨商店】 老舗の 塩昆布
2023-10-30T01:46:03Z,"1,493",BAND-AID(バンドエイド) 救急絆創膏 超フィット Mサイズ 100枚
2023-10-23T05:10:55Z,"1,980",除菌研究所 次亜塩素酸水生成パウダー 120g 濃度500ppm 144リットル分 ジクロロイソシアヌル酸 消臭 プール除菌剤 塩素除菌剤【軽量スプーン2本付】詳細説明書付 スプレー 超音波加湿器 家庭用プール 日本製
2023-10-05T05:08:22Z,783,味の素 Cook Do香味ペースト(汎用ペースト調味料)<塩> 120g
2023-09-23T09:22:38Z,"12,500",味の素 アミノバイタル プロ グレープフルーツ味 120本入箱 アミノ酸 3800mg BCAA EAA コンディショニング
2023-09-12T09:08:18Z,"1,460",ビオレu 泡ハンドソープシトラスの香り つめかえ用 800ml×2個セット
2023-09-08T01:26:02Z,690,花王ホワイト バスサイズ 6コ箱
2023-09-07T02:56:38Z,"2,660",アイリスオーヤマ パックご飯 180g x 24 個 国産米 100% 低温製法米 非常食 米 レトルト
2023-09-02T01:15:25Z,959,ESR iPhone SE ケース iPhone SE 第3世代 第2世代 iPhone 8 対応 クリアシリコンケース 薄型 柔軟 透明 TPU保護カバー 衝撃吸収 黄変しにくい iphone8 ケース アイフォンSE3/SE2 ケース ストラップホール付き クリア
2023-08-31T15:39:37Z,782,レイ・アウト iPhone SE / iPhone5s / iPhone5 ケース ハイブリッド(TPU+ポリカーボネイト)ケース クリア RT-P11CC2/C
2023-08-30T14:05:14Z,814,ヘルパータスケ 良い香りに変える消臭スプレー 快適フローラルの香り [380mL]
2023-08-17T13:13:19Z,"1,980",除菌研究所 次亜塩素酸水生成パウダー 120g 濃度500ppm 144リットル分 ジクロロイソシアヌル酸 消臭 プール除菌剤 塩素除菌剤【軽量スプーン2本付】詳細説明書付 スプレー 超音波加湿器 家庭用プール 日本製
2023-08-17T01:15:38Z,"3,600",パナソニック ニッケル水素電池 単4形（8本入）Panasonic eneloop スタンダードモデル BK-4MCC/8C
2023-08-04T01:17:19Z,"2,808",【セット商品】アマノフーズ いつものおみそ汁 5種30食セット(いつものおみそ汁 5種セット10食 3個)
2023-07-31T08:51:50Z,480,味の素 クックドゥ　香味ペースト120g
2023-07-21T17:19:54Z,"12,900",味の素 アミノバイタル プロ グレープフルーツ味 120本入箱 アミノ酸 3800mg BCAA EAA コンディショニング
2023-07-18T04:30:08Z,"1,139",シッカロールデオ（パフ付き）/ C8　140g
2023-07-09T13:10:15Z,982,[ 小林製薬 ] メンズ ケシミンクリーム 【 シミ そばかす 対策に! 】 ケシミン メンズケシミン トラネキサム酸 配合/医薬部外品(20g)
2023-06-29T16:27:46Z,"1,299",【2023改良型】 iPhone イヤホン 有線イヤホン ノイズキャンセリング マイク付き 通話可能 ハイレゾ クリア通話 音量調節 ステレオイヤフォン ヘッドホン 対応:iPhone全機種、iPod touch、iPadなど
2023-05-18T01:18:00Z,"13,045",味の素 アミノバイタル プロ グレープフルーツ味 120本入箱 アミノ酸 3800mg BCAA EAA コンディショニング
2023-04-23T14:05:38Z,"2,016",貝印 ａｘｉａ 替刃12個入 男性 カミソリ 髭剃り 深剃り 17個アソート
2023-04-05T08:43:19Z,"3,327",[グンゼ] トランクス 快適工房 年間 綿100% パンツ 前とじ KH1001 メンズ ホワイト 日本L (日本サイズL相当)
2023-03-15T07:07:20Z,"12,840",味の素 アミノバイタル プロ グレープフルーツ味 120本入箱 アミノ酸 3800mg BCAA EAA コンディショニング
2023-02-25T02:00:31Z,"1,139",[冷蔵] 2-3人前 ミールキット 10品目の筑前煮 柚子風味仕立て 鶏肉とさつまいも入り 調理約15分
2023-02-25T02:00:31Z,"1,057",[冷凍] 2人前 ミールキット ごろごろ具だくさん 大山鶏のガーリックペッパー炒め 調理約10分
2023-02-25T02:00:31Z,400,ミツカン らっきょう酢 1L
2023-02-25T02:00:31Z,"1,045",[冷凍] 2人前 ミールキット 絹さやの入ったやわらかひれかつ煮 調理約15分
2023-02-25T02:00:31Z,"1,017",[冷蔵] 2人前 ミールキット 鶏ひき肉のピリ辛ガパオライス 調理約15分
2023-02-25T02:00:31Z,455,花王ホワイト バスサイズ 6コ箱
2023-02-25T02:00:31Z,205,[冷蔵] グリコ Pカフェオーレ 180ml
2023-02-09T14:11:32Z,"1,950",【花王】花王ホワイト バスサイズ （１３０ｇ×３個） ×５個セット
2023-02-08T02:37:11Z,"1,019",[冷凍] 2人前 ミールキット ごろごろ具だくさん 大山鶏のガーリックペッパー炒め 調理約10分
2023-02-08T02:37:11Z,"1,032",[冷蔵] 2人前 ミールキット 鶏ひき肉のピリ辛ガパオライス 調理約15分
2023-02-08T02:37:11Z,"1,156",[冷蔵] 2-3人前 ミールキット 10品目の筑前煮 柚子風味仕立て 鶏肉とさつまいも入り 調理約15分
2023-02-08T02:37:11Z,209,[冷蔵] グリコ Pカフェオーレ 180ml
2023-02-08T02:37:11Z,"1,060",[冷凍] 2人前 ミールキット 絹さやの入ったやわらかひれかつ煮 調理約15分
2023-02-01T02:19:52Z,"1,061",[冷凍] 2人前 ミールキット 絹さやの入ったやわらかひれかつ煮 調理約15分
2023-02-01T02:19:52Z,"1,019",[冷凍] 2人前 ミールキット ごろごろ具だくさん 大山鶏のガーリックペッパー炒め 調理約10分
2023-02-01T02:19:52Z,"1,033",[冷蔵] 2人前 ミールキット 鶏ひき肉のピリ辛ガパオライス 調理約15分
2023-02-01T02:19:52Z,232,[冷蔵] グリコ Pカフェオーレ 180ml
2023-02-01T02:19:52Z,"1,156",[冷蔵] 2-3人前 ミールキット 10品目の筑前煮 柚子風味仕立て 鶏肉とさつまいも入り 調理約15分
2023-01-25T02:33:48Z,"1,156",[冷蔵] 2-3人前 ミールキット 10品目の筑前煮 柚子風味仕立て 鶏肉とさつまいも入り 調理約15分
2023-01-25T02:33:48Z,"1,019",[冷凍] 2人前 ミールキット ごろごろ具だくさん 大山鶏のガーリックペッパー炒め 調理約10分
2023-01-25T02:33:48Z,"1,032",[冷蔵] 2人前 ミールキット 鶏ひき肉のピリ辛ガパオライス 調理約15分
2023-01-25T02:33:48Z,"1,061",[冷凍] 2人前 ミールキット 絹さやの入ったやわらかひれかつ煮 調理約15分
2023-01-25T02:33:48Z,247,[冷蔵] グリコ Pカフェオーレ 180ml
2023-01-24T08:28:15Z,231,シンワ測定(Shinwa Sokutei) 寒暖計 C-5 パイン 72590
2023-01-24T02:41:52Z,"1,540",疲れない 太らない ボケない 60代からの鎌田式ズボラ筋トレ
2023-01-24T02:41:50Z,981,メンズケシミンクリーム 男のシミ対策 トラネキサム酸配合 クリーム しみ そばかすを防ぐ 20g 【医薬部外品】 小林製薬
2023-01-18T02:17:27Z,"1,278",[冷蔵] 2-3人前 ミールキット 海老のハーブマヨ炒め 調理約10分
2023-01-18T02:17:27Z,"1,156",[冷蔵] 2-3人前 ミールキット 10品目の筑前煮 柚子風味仕立て 鶏肉とさつまいも入り 調理約15分
2023-01-18T02:17:27Z,"1,019",[冷凍] 2人前 ミールキット ごろごろ具だくさん 大山鶏のガーリックペッパー炒め 調理約10分
2023-01-18T02:17:27Z,"1,061",[冷凍] 2人前 ミールキット 絹さやの入ったやわらかひれかつ煮 調理約15分
2023-01-16T07:46:31Z,"13,179",味の素 アミノバイタル プロ グレープフルーツ味 120本入箱 アミノ酸 3800mg BCAA EAA コンディショニング
2023-01-11T02:42:28Z,"1,035",[冷蔵] 2人前 ミールキット 鶏ひき肉のピリ辛ガパオライス 調理約15分
2023-01-11T02:42:28Z,"1,159",[冷蔵] 2-3人前 ミールキット 10品目の筑前煮 柚子風味仕立て 鶏肉とさつまいも入り 調理約15分
2023-01-11T02:42:28Z,"1,021",[冷凍] 2人前 ミールキット ごろごろ具だくさん 大山鶏のガーリックペッパー炒め 調理約10分
2023-01-11T02:42:28Z,125,[冷蔵] グリコ Pカフェオーレ 180ml
2023-01-11T02:42:28Z,"1,063",[冷凍] 2人前 ミールキット 絹さやの入ったやわらかひれかつ煮 調理約15分
2023-01-05T05:37:58Z,"11,900",NISSEI 非接触体温計 ホワイト MT-100J 体温計 ニッセイ MT100J MT 100 J MT-300 非接触 距離センサー内蔵 非接触式 日本製 日本精密測器 スピード検温 体温 物体 室温 バックライト 10回分メモリ
2023-01-05T05:37:53Z,"3,813",味の素 アミノバイタル プロ グレープフルーツ味 30本入箱 アミノ酸 3800mg BCAA EAA コンディショニング
2023-01-04T02:39:13Z,"1,061",[冷凍] 2人前 ミールキット 絹さやの入ったやわらかひれかつ煮 調理約15分
2023-01-04T02:39:13Z,"1,156",[冷蔵] 2-3人前 ミールキット 10品目の筑前煮 柚子風味仕立て 鶏肉とさつまいも入り 調理約15分
2023-01-04T02:39:13Z,"1,019",[冷凍] 2人前 ミールキット ごろごろ具だくさん 大山鶏のガーリックペッパー炒め 調理約10分
2023-01-04T02:39:13Z,"1,278",[冷蔵] 2-3人前 ミールキット 海老のハーブマヨ炒め 調理約10分
2022-12-28T02:30:15Z,924,[冷蔵] シャウエッセン ジッパー付き 468Ｇ
2022-12-28T02:30:15Z,"1,049",[冷凍] 2人前 ミールキット 絹さやの入ったやわらかひれかつ煮 調理約15分
2022-12-28T02:30:15Z,"1,020",[冷蔵] 2人前 ミールキット 鶏ひき肉のピリ辛ガパオライス 調理約15分
2022-12-28T02:30:15Z,"1,143",[冷蔵] 2-3人前 ミールキット 10品目の筑前煮 柚子風味仕立て 鶏肉とさつまいも入り 調理約15分
2022-12-28T02:30:15Z,"1,007",[冷凍] 2人前 ミールキット ごろごろ具だくさん 大山鶏のガーリックペッパー炒め 調理約10分
2022-12-23T02:17:13Z,"1,067",[冷凍]2人前 ミールキット 野菜ごろごろ具だくさん 沖縄県産あぐー豚の太平燕(タイピーエン) 調理約10分
2022-12-23T02:17:13Z,"1,011",[冷凍] 2人前 ミールキット ごろごろ具だくさん 日南どりのバターチキンカレー 調理約10分
2022-12-23T02:17:13Z,977,[冷凍] 2人前 ミールキット 豚唐揚げと野菜のオイスター炒め 調理約10分
2022-12-23T02:17:13Z,"1,073",[冷蔵] 2-3人前 ミールキット ほくほくカボチャとチーズのラザニア 調理約15分
2022-12-23T02:17:13Z,"1,188",[冷蔵] 2人前 ミールキット サバの味噌煮 胡麻和えと焼き野菜付き 調理約10分
2022-12-23T02:17:13Z,"1,045",[冷凍] 2人前 ミールキット ローストチキン と 彩り野菜 の みぞれ炒め キット 調理約10分
2022-12-21T02:44:36Z,832,[冷凍] 2人前 ミールキット ごろごろ具だくさん 大山鶏のガーリックペッパー炒め 調理約10分
2022-12-21T02:44:36Z,868,[冷凍] 2人前 ミールキット 絹さやの入ったやわらかひれかつ煮 調理約15分
2022-12-21T02:44:36Z,"1,156",[冷蔵] 2-3人前 ミールキット 10品目の筑前煮 柚子風味仕立て 鶏肉とさつまいも入り 調理約15分
2022-12-21T02:44:36Z,"1,278",[冷蔵] 2-3人前 ミールキット 海老のハーブマヨ炒め 調理約10分
2022-12-14T02:15:55Z,914,[冷蔵] シャウエッセン ジッパー付き 468Ｇ
2022-12-14T02:15:55Z,856,[冷凍] 2人前 ミールキット 絹さやの入ったやわらかひれかつ煮 調理約15分
2022-12-14T02:15:55Z,"1,020",[冷蔵] 2人前 ミールキット 鶏ひき肉のピリ辛ガパオライス 調理約15分
2022-12-14T02:15:55Z,821,[冷凍] 2人前 ミールキット ごろごろ具だくさん 大山鶏のガーリックペッパー炒め 調理約10分
2022-12-14T02:15:55Z,"1,143",[冷蔵] 2-3人前 ミールキット 10品目の筑前煮 柚子風味仕立て 鶏肉とさつまいも入り 調理約15分
2022-12-07T07:23:56Z,"13,618",アバンド オレンジフレーバー 24g×30袋
2022-12-07T02:31:42Z,870,[冷凍] 2人前 ミールキット 絹さやの入ったやわらかひれかつ煮 調理約15分
2022-12-07T02:31:42Z,"1,223",[冷蔵] 2人前 ミールキット サバの味噌煮 胡麻和えと焼き野菜付き 調理約10分
2022-12-07T02:31:42Z,"1,105",[冷蔵] 2-3人前 ミールキット ほくほくカボチャとチーズのラザニア 調理約15分
2022-12-07T02:31:42Z,834,[冷凍] 2人前 ミールキット ごろごろ具だくさん 大山鶏のガーリックペッパー炒め 調理約10分
2022-12-05T02:20:56Z,"1,098",[冷凍]2人前 ミールキット 野菜ごろごろ具だくさん 沖縄県産あぐー豚の太平燕(タイピーエン) 調理約10分
2022-12-05T02:20:56Z,"1,166",[冷凍] 2人前 ミールキット 酢豚 キット 調理約10分
2022-12-05T02:20:56Z,"1,116",[冷凍] 2人前 ミールキット 上州豚とことん使用 炭火焼風豚丼 調理時間約10分
2022-12-05T02:20:56Z,"1,075",[冷凍] 2人前 ミールキット ローストチキン と 彩り野菜 の みぞれ炒め キット 調理約10分
2022-11-30T02:41:34Z,"1,156",[冷蔵] 2-3人前 ミールキット 10品目の筑前煮 柚子風味仕立て 鶏肉とさつまいも入り 調理約15分
2022-11-30T02:41:34Z,"1,278",[冷蔵] 2-3人前 ミールキット 海老のハーブマヨ炒め 調理約10分
2022-11-30T02:41:34Z,832,[冷凍] 2人前 ミールキット ごろごろ具だくさん 大山鶏のガーリックペッパー炒め 調理約10分
2022-11-30T02:41:34Z,868,[冷凍] 2人前 ミールキット 絹さやの入ったやわらかひれかつ煮 調理約15分
2022-11-28T02:12:42Z,"1,111",[冷凍] 2人前 ミールキット 上州豚とことん使用 炭火焼風豚丼 調理時間約10分
2022-11-28T02:12:42Z,"1,084",[冷凍] 2人前 ミールキット 野菜ごろごろ具だくさん 九州産華味鳥と根菜のトマトソース炒め 調理約10分
2022-11-28T02:12:42Z,285,フィリピン産 Dole 極撰バナナ 1パック 600g
2022-11-28T02:12:42Z,"1,093",[冷凍]2人前 ミールキット 野菜ごろごろ具だくさん 沖縄県産あぐー豚の太平燕(タイピーエン) 調理約10分
2022-11-28T02:12:42Z,846,[冷凍] 2人前 ミールキット ごろごろ具だくさん 日南どりのバターチキンカレー 調理約10分
2022-11-24T15:23:21Z,"2,900",大塚製薬オーエスワン OS-1 ゼリー200g【12個セット】オリジナルポケットティッシュ付き
2022-11-23T02:05:47Z,981,[冷蔵] 2-3人前 ミールキット 激辛! 四川麻婆豆腐キット 調理約10分
2022-11-23T02:05:47Z,798,[冷蔵] シャウエッセン ジッパー付き 468Ｇ
2022-11-23T02:05:47Z,"1,142",[冷蔵] 2-3人前 ミールキット 10品目の筑前煮 柚子風味仕立て 鶏肉とさつまいも入り 調理約15分
2022-11-23T02:05:47Z,"1,049",[冷凍] 2人前 ミールキット 絹さやの入ったやわらかひれかつ煮 調理約15分
2022-11-23T02:05:47Z,"1,007",[冷凍] 2人前 ミールキット ごろごろ具だくさん 大山鶏のガーリックペッパー炒め 調理約10分
2022-11-21T02:45:23Z,"1,112",[冷凍] 2人前 ミールキット 上州豚とことん使用 炭火焼風豚丼 調理時間約10分
2022-11-21T02:45:23Z,287,フィリピン産 Dole 極撰バナナ 1パック 600g
2022-11-21T02:45:23Z,"1,002",[冷凍]2人前 ミールキット 野菜ごろごろ具だくさん 国産牛と6種野菜のハッシュドビーフ 調理約10分
2022-11-21T02:45:23Z,"1,071",[冷凍] 2人前 ミールキット ローストチキン と 彩り野菜 の みぞれ炒め キット 調理約10分
2022-11-21T02:45:23Z,"1,074",[冷凍]2人前 ミールキット 野菜ごろごろ具だくさん 九州産華味鳥と6種野菜のポトフ 調理約10分
2022-11-17T07:51:22Z,"1,689",【指定第2類医薬品】オイラックスA 30g ※セルフメディケーション税制対象商品
2022-11-16T02:19:03Z,"1,063",[冷凍] 2人前 ミールキット 絹さやの入ったやわらかひれかつ煮 調理約15分
2022-11-16T02:19:03Z,"1,021",[冷凍] 2人前 ミールキット ごろごろ具だくさん 大山鶏のガーリックペッパー炒め 調理約10分
2022-11-16T02:19:03Z,"1,035",[冷蔵] 2人前 ミールキット 鶏ひき肉のピリ辛ガパオライス 調理約15分
2022-11-16T02:19:03Z,"1,282",[冷蔵] 2-3人前 ミールキット 海老のハーブマヨ炒め 調理約10分
2022-11-15T09:04:40Z,"1,610",【まとめ買い】バスマジックリンエアジェット ハーバルシトラス 大容量 詰め替え 120０ｍｌ×2個
2022-11-14T08:39:05Z,"3,442",除菌研究所 次亜塩素酸水生成パウダー 120g ジクロロイソシアヌル酸 消臭 プール除菌剤 塩素除菌剤【軽量スプーン2本付】濃度500ppm 144リットル分 詳細説明書付 スプレー 超音波加湿器 家庭用プール 日本製 3袋セット
2022-11-14T02:31:34Z,"1,143",[冷蔵] 2-3人前 ミールキット 10品目の筑前煮 柚子風味仕立て 鶏肉とさつまいも入り 調理約15分
2022-11-14T02:31:34Z,"1,084",[冷凍]2人前 ミールキット 野菜ごろごろ具だくさん 沖縄県産あぐー豚の太平燕(タイピーエン) 調理約10分
2022-11-14T02:31:34Z,"1,034",[冷凍] 2人前 ミールキット ミートボールのかぼちゃクリーム煮 調理時間約10分
2022-11-14T02:31:34Z,749,カルピス (希釈用) Lパック 1.0L
2022-11-14T02:31:34Z,"1,111",[冷凍] 2人前 ミールキット ごろごろ具だくさん 日南どりのバターチキンカレー 調理約10分
2022-11-09T02:10:54Z,985,[冷蔵] 2-3人前 ミールキット 激辛! 四川麻婆豆腐キット 調理約10分
2022-11-09T02:10:54Z,"1,268",[冷蔵] 2-3人前 ミールキット 海老のハーブマヨ炒め 調理約10分
2022-11-09T02:10:54Z,"1,011",[冷凍] 2人前 ミールキット ごろごろ具だくさん 大山鶏のガーリックペッパー炒め 調理約10分
2022-11-09T02:10:54Z,"1,052",[冷凍] 2人前 ミールキット 絹さやの入ったやわらかひれかつ煮 調理約15分
2022-11-09T02:10:54Z,616,幸ちゃんの黒ごまきな粉 400g
2022-11-07T04:10:24Z,"1,059",[冷凍] 2人前 ミールキット ミートボールのかぼちゃクリーム煮 調理時間約10分
2022-11-07T04:10:24Z,"1,094",[冷凍] 2人前 ミールキット 豚唐揚げとカシューナッツの旨辛炒め 調理約10分
2022-11-07T04:10:24Z,"1,004",[冷凍] 2人前 ミールキット ごろごろ具だくさん 日南鶏の鶏じゃが
2022-11-07T04:10:24Z,"1,872",マ・マー あえるだけパスタソース カルボナーラ 140g
2022-11-07T04:10:24Z,"1,059",[冷凍] 2人前 ミールキット 上州豚とことん使用 炭火焼風豚丼 調理時間約10分
2022-11-06T08:13:39Z,"1,680",AllToze 五本指ソックス すべり止め 3足セット 足裏ギュッ メンズ くるぶし 滑り止め スポーツ 5本指ソックス 五本指 靴下 (ホワイト3足)
2022-11-03T21:20:21Z,"1,680",AllToze 五本指ソックス すべり止め 3足セット 足裏ギュッ メンズ くるぶし 滑り止め スポーツ 5本指ソックス 五本指 靴下 (ホワイト3足)
2022-11-02T02:13:49Z,372,無印良品 素材を生かしたカレー バターチキン 180g(1人前) 44259030
2022-11-02T02:13:49Z,"1,117",[冷蔵] 2-3人前 ミールキット 10品目の筑前煮 柚子風味仕立て 鶏肉とさつまいも入り 調理約15分
2022-11-02T02:13:49Z,"1,085",[冷凍] 2人前 ミールキット 鶏肉と野菜のクリーム煮 調理約15分
2022-11-02T02:13:49Z,"1,302",[冷蔵] 2-3人前 ミールキット 海老のハーブマヨ炒め 調理約10分
2022-11-02T02:13:49Z,"1,065",[冷凍] 2人前 ミールキット ごろごろ具だくさん 大山鶏のガーリックペッパー炒め 調理約10分
2022-10-31T14:13:23Z,"13,618",アバンド オレンジフレーバー 24g×30袋
2022-10-31T02:22:56Z,"1,079",[冷凍]2人前 ミールキット 野菜ごろごろ具だくさん 沖縄県産あぐー豚の太平燕(タイピーエン) 調理約10分
2022-10-31T02:22:56Z,350,フィリピン産 Dole 極撰バナナ 1パック 600g
2022-10-31T02:22:56Z,"1,073",[冷凍] 2人前 ミールキット ごろごろ具だくさん 日南どりのバターチキンカレー 調理約10分
2022-10-31T02:22:56Z,997,[冷凍] 2人前 ミールキット ローストチキン と 彩り野菜 の みぞれ炒め キット 調理約10分
2022-10-31T02:22:56Z,"1,286",[冷凍] 2人前 ミールキット ごろごろ具だくさん　あぐー豚と野菜のあんかけ焼きそば　調理約10分
2022-10-26T10:56:30Z,"2,379",アイリスオーヤマ パックご飯 180g ×24個 秋田県産 あきたこまち 国産米 100% 一等米 低温製法米 非常食 米 レトルト
2022-10-26T09:53:32Z,"1,027",【第2類医薬品】オロナインH軟膏 100g
2022-10-26T07:28:15Z,"2,178",無印良品 カレー 人気 3種アソート 食べ比べセット おまけ付き
2022-10-26T02:32:36Z,"1,327",[冷蔵] 2-3人前 ミールキット 海老のハーブマヨ炒め 調理約10分
2022-10-26T02:32:36Z,"1,085",[冷凍] 2人前 ミールキット ごろごろ具だくさん 大山鶏のガーリックペッパー炒め 調理約10分
2022-10-26T02:32:36Z,"1,649",[冷蔵]２人前 ミールキット RF1 みつせ鶏とかぼちゃのガーリックバターソース
2022-10-19T02:43:32Z,776,長野県産 カットぶなしめじ 1パック 100g
2022-10-19T02:43:32Z,985,[冷蔵] 2人前 ミールキット 鶏ひき肉のピリ辛ガパオライス 調理約15分
2022-10-19T02:43:32Z,715,国内産 えのき 1パック 180g
2022-10-19T02:43:32Z,"1,062",[冷凍] 2人前 ミールキット 鶏肉と野菜のクリーム煮 調理約15分
2022-10-19T02:43:32Z,"1,126",[冷凍] 2人前 ミールキット 豚唐揚げと野菜のオイスター炒め 調理約10分
2022-10-19T02:43:32Z,794,ヤマキ 鰹節屋のだしパック 20p
2022-10-19T02:43:32Z,"1,094",[冷蔵] 2-3人前 ミールキット 10品目の筑前煮 柚子風味仕立て 鶏肉とさつまいも入り 調理約15分
2022-10-17T14:01:40Z,"1,580",『お徳用松葉昆布（細切り塩昆布）170ｇ』 【江戸末期創業・庚申昆布梅須磨商店】 老舗の 塩昆布
2022-10-17T02:21:23Z,"3,067",総本家 貝新 志ぐれ蛤・あさり詰合(曲物入)
2022-10-13T09:02:08Z,"2,398",グンゼ GUNZE (ワイジー)YG シンプルコットンセミビキニブリーフ(WH-ホワイト、LL)
2022-10-12T02:19:55Z,"1,026",[冷凍] 2人前 ミールキット 絹さやの入ったやわらかひれかつ煮 調理約15分
2022-10-12T02:19:55Z,"1,609",[冷蔵]２人前 ミールキット RF1 みつせ鶏とかぼちゃのガーリックバターソース
2022-10-12T02:19:55Z,"1,059",[冷凍] 2人前 ミールキット ごろごろ具だくさん 大山鶏のガーリックペッパー炒め 調理約10分
2022-10-12T02:19:55Z,332,[冷蔵] 伊藤ハム The GRANDアルトバイエルン あらびきホワイト 160g
2022-10-12T02:19:55Z,"1,294",[冷蔵] 2-3人前 ミールキット 海老のハーブマヨ炒め 調理約10分
2022-10-05T02:45:01Z,"1,162",[冷凍] 2人前 ミールキット 豚唐揚げと野菜のオイスター炒め 調理約10分
2022-10-05T02:45:01Z,"1,096",[冷凍] 2人前 ミールキット 鶏肉と野菜のクリーム煮 調理約15分
2022-10-05T02:45:01Z,"1,129",[冷蔵] 2-3人前 ミールキット 10品目の筑前煮 柚子風味仕立て 鶏肉とさつまいも入り 調理約15分
2022-10-05T02:45:01Z,"1,016",[冷蔵] 2人前 ミールキット 鶏ひき肉のピリ辛ガパオライス 調理約15分
2022-09-30T09:54:39Z,"11,110",アバンド オレンジフレーバー 24g×30袋
2022-09-28T02:14:08Z,"1,041",[冷凍] 2人前 ミールキット 絹さやの入ったやわらかひれかつ煮 調理約15分
2022-09-28T02:14:08Z,"1,073",[冷凍] 2人前 ミールキット ごろごろ具だくさん 大山鶏のガーリックペッパー炒め 調理約10分
2022-09-28T02:14:08Z,"1,312",[冷蔵] 2-3人前 ミールキット 海老のハーブマヨ炒め 調理約10分
2022-09-28T02:14:08Z,"1,107",[冷蔵]2-3人前 ミールキット ローズマリーとバジルが香る野菜のオーブン焼きキット 調理約15分
2022-09-22T06:34:15Z,"2,238",貝印 ａｘｉａ 替刃12個入 男性 カミソリ 髭剃り 深剃り 17個アソート
2022-09-21T02:22:28Z,"1,069",[冷凍] 2人前 ミールキット 野菜ごろごろ具だくさん 沖縄県産あぐー豚とスナップエンドウのうま塩炒め 調理約10分
2022-09-21T02:22:28Z,"1,090",[冷凍] 2人前 ミールキット 鶏肉と野菜のクリーム煮 調理約15分
2022-09-21T02:22:28Z,382,無印良品 素材を生かしたカレー イエロー 180g(1人前) 82909227
2022-09-21T02:22:28Z,"1,010",[冷蔵] 2人前 ミールキット 鶏ひき肉のピリ辛ガパオライス 調理約15分
2022-09-21T02:22:28Z,"1,123",[冷蔵] 2-3人前 ミールキット 10品目の筑前煮 柚子風味仕立て 鶏肉とさつまいも入り 調理約15分
2022-09-14T02:08:02Z,"1,058",[冷凍] 2人前 ミールキット ごろごろ具だくさん 大山鶏のガーリックペッパー炒め 調理約10分
2022-09-14T02:08:02Z,"1,293",[冷蔵] 2-3人前 ミールキット 海老のハーブマヨ炒め 調理約10分
2022-09-14T02:08:02Z,906,[冷蔵] 日本ハム 大容量 シャウエッセン ジッパー付 508g
2022-09-14T02:08:02Z,"1,025",[冷凍] 2人前 ミールキット 絹さやの入ったやわらかひれかつ煮 調理約15分
2022-09-14T02:08:02Z,"1,091",[冷蔵]2-3人前 ミールキット ローズマリーとバジルが香る野菜のオーブン焼きキット 調理約15分
2022-09-09T15:51:18Z,"1,599",サーモス 保冷ストローカップ 300ml ホワイト JDJ-300 WH
2022-09-07T02:28:32Z,"1,074",[冷凍] 2人前 ミールキット 野菜ごろごろ具だくさん 沖縄県産あぐー豚とスナップエンドウのうま塩炒め 調理約10分
2022-09-07T02:28:32Z,"1,094",[冷凍] 2人前 ミールキット 鶏肉と野菜のクリーム煮 調理約15分
2022-09-07T02:28:32Z,174,超熟 6枚スライス
2022-09-07T02:28:32Z,"1,014",[冷蔵] 2人前 ミールキット 鶏ひき肉のピリ辛ガパオライス 調理約15分
2022-09-07T02:28:32Z,"1,127",[冷蔵] 2-3人前 ミールキット 10品目の筑前煮 柚子風味仕立て 鶏肉とさつまいも入り 調理約15分
2022-08-31T02:47:26Z,"1,028",[冷凍] 2人前 ミールキット 絹さやの入ったやわらかひれかつ煮 調理約15分
2022-08-31T02:47:26Z,"1,060",[冷凍] 2人前 ミールキット ごろごろ具だくさん 大山鶏のガーリックペッパー炒め 調理約10分
2022-08-31T02:47:26Z,"1,295",[冷蔵] 2-3人前 ミールキット 海老のハーブマヨ炒め 調理約10分
2022-08-31T02:47:26Z,767,[冷蔵] 日本ハム 大容量 シャウエッセン ジッパー付 508g
2022-08-31T02:47:26Z,"1,093",[冷蔵]2-3人前 ミールキット ローズマリーとバジルが香る野菜のオーブン焼きキット 調理約15分
2022-08-30T08:32:21Z,"11,110",アバンド オレンジフレーバー 24g×30袋
2022-08-30T07:31:07Z,894,歯科専売品 大人用歯ブラシ FEED Shu Shu α (シュシュアルファ)×20本 M(ふつう)
2022-08-25T14:23:09Z,"1,760",[イチヨンプラス] 帽子 バケットハット ハット メンズ レディース バケハ 春夏 春 夏 夏用 大きいサイズ S M L サファリハット アウトドア 散歩 無地 大きい コットン100% 折りたたみ 手洗い可 サイズ調整 シンプル 合わせやすい ihat0542-be-ll
2022-08-24T14:49:54Z,906,メンズケシミンクリーム 男のシミ対策 トラネキサム酸配合 クリーム しみ そばかすを防ぐ 20g 【医薬部外品】 小林製薬
2022-08-24T03:10:51Z,"1,122",[冷凍] 2人前 ミールキット 鶏肉 の カシューナッツ 炒めキット 調理約10分
2022-08-24T03:10:51Z,121,[冷凍] 江崎グリコ パピコ 白桃のスムージー 80ml×2本
2022-08-24T03:10:51Z,"1,094",[冷凍] 2人前 ミールキット 鶏肉と野菜のクリーム煮 調理約15分
2022-08-24T03:10:51Z,"1,076",[冷蔵] 2-3人前 ミールキット 10品目の筑前煮 柚子風味仕立て 鶏肉とさつまいも入り 調理約15分
2022-08-24T03:10:51Z,"1,014",[冷蔵] 2人前 ミールキット 鶏ひき肉のピリ辛ガパオライス 調理約15分
2022-08-17T09:04:13Z,"3,014",グンゼ GUNZE (ワイジー)YG シンプルコットンセミビキニブリーフ(WH-ホワイト、LL)
2022-08-15T02:09:43Z,"1,283",[冷凍] 2人前 ミールキット ごろごろ具だくさん　あぐー豚と野菜のあんかけ焼きそば　調理約10分
2022-08-15T02:09:43Z,"1,033",[冷凍] 2人前 ミールキット 絹さやの入ったやわらかひれかつ煮 調理約15分
2022-08-15T02:09:43Z,"1,017",[冷凍] 2人前 ミールキット ごろごろ具だくさん 大山鶏のガーリックペッパー炒め 調理約10分
2022-08-15T02:09:43Z,"1,518",[冷凍] 2人前 ミールキット ごろごろ具だくさん 日南どりのバターチキンカレー　ナン2枚付　調理約10分
2022-08-08T02:17:59Z,"1,122",[冷凍] 2人前 ミールキット 鶏肉 の カシューナッツ 炒めキット 調理約10分
2022-08-08T02:17:59Z,"1,127",[冷蔵] 2-3人前 ミールキット 10品目の筑前煮 柚子風味仕立て 鶏肉とさつまいも入り 調理約15分
2022-08-08T02:17:59Z,125,[冷凍] 江崎グリコ パピコ 白桃のスムージー 80ml×2本
2022-08-08T02:17:59Z,"1,094",[冷凍] 2人前 ミールキット 鶏肉と野菜のクリーム煮 調理約15分
2022-08-08T02:17:59Z,"1,014",[冷蔵] 2人前 ミールキット 鶏ひき肉のピリ辛ガパオライス 調理約15分
2022-08-01T03:07:27Z,"1,032",[冷凍] 2人前 ミールキット 絹さやの入ったやわらかひれかつ煮 調理約15分
2022-08-01T03:07:27Z,"1,302",[冷蔵] 2-3人前 ミールキット 海老のハーブマヨ炒め 調理約10分
2022-08-01T03:07:27Z,"1,517",[冷凍] 2人前 ミールキット ごろごろ具だくさん 日南どりのバターチキンカレー　ナン2枚付　調理約10分
2022-08-01T03:07:27Z,"1,098",[冷蔵]2-3人前 ミールキット ローズマリーとバジルが香る野菜のオーブン焼きキット 調理約15分
2022-07-29T15:09:17Z,"12,680",アバンド オレンジフレーバー 24g×30袋
2022-07-28T08:55:50Z,"3,010",[グンゼ] トランクス 快適工房 年間 綿100% パンツ 前とじ KH1001 メンズ ホワイト 日本L (日本サイズL相当)
2022-07-25T02:32:51Z,"1,068",[冷凍] 2人前 ミールキット 野菜ごろごろ具だくさん 沖縄県産あぐー豚とスナップエンドウのうま塩炒め 調理約10分
2022-07-25T02:32:51Z,"1,009",[冷蔵] 2人前 ミールキット 鶏ひき肉のピリ辛ガパオライス 調理約15分
2022-07-25T02:32:51Z,"1,122",[冷蔵] 2-3人前 ミールキット 10品目の筑前煮 柚子風味仕立て 鶏肉とさつまいも入り 調理約15分
2022-07-25T02:32:51Z,430,[冷凍] ニチレイ 特から 415g
2022-07-25T02:32:51Z,"1,089",[冷凍] 2人前 ミールキット 鶏肉と野菜のクリーム煮 調理約15分
2022-07-18T02:56:44Z,"1,301",[冷蔵] 2-3人前 ミールキット 海老のハーブマヨ炒め 調理約10分
2022-07-18T02:56:44Z,"1,032",[冷凍] 2人前 ミールキット 絹さやの入ったやわらかひれかつ煮 調理約15分
2022-07-18T02:56:44Z,"1,517",[冷凍] 2人前 ミールキット ごろごろ具だくさん 日南どりのバターチキンカレー　ナン2枚付　調理約10分
2022-07-18T02:56:44Z,"1,099",[冷蔵]2-3人前 ミールキット ローズマリーとバジルが香る野菜のオーブン焼きキット 調理約15分
2022-07-11T02:20:04Z,404,[冷凍] 味の素 ザ・から揚げ 270g
2022-07-11T02:20:04Z,"1,111",[冷蔵] 2-3人前 ミールキット 10品目の筑前煮 柚子風味仕立て 鶏肉とさつまいも入り 調理約15分
2022-07-11T02:20:04Z,"1,079",[冷凍] 2人前 ミールキット 鶏肉と野菜のクリーム煮 調理約15分
2022-07-11T02:20:04Z,382,[冷凍] 味の素冷凍食品 ザ・シュウマイ 9個入
2022-07-11T02:20:04Z,245,[冷凍] 味の素 水餃子 225g
2022-07-11T02:20:04Z,"1,000",[冷蔵] 2人前 ミールキット 鶏ひき肉のピリ辛ガパオライス 調理約15分
2022-07-11T02:20:04Z,"1,058",[冷凍] 2人前 ミールキット 野菜ごろごろ具だくさん 沖縄県産あぐー豚とスナップエンドウのうま塩炒め 調理約10分
2022-07-04T02:30:55Z,"1,099",[冷蔵]2-3人前 ミールキット ローズマリーとバジルが香る野菜のオーブン焼きキット 調理約15分
2022-07-04T02:30:55Z,841,[冷凍] 2人前 ミールキット 絹さやの入ったやわらかひれかつ煮 調理約15分
2022-07-04T02:30:55Z,"1,516",[冷凍] 2人前 ミールキット ごろごろ具だくさん 日南どりのバターチキンカレー　ナン2枚付　調理約10分
2022-07-04T02:30:55Z,"1,063",[冷蔵] 2-3人前 ミールキット 海老のハーブマヨ炒め 調理約10分
2022-06-28T08:27:10Z,"10,755",アバンド オレンジフレーバー 24g×30袋
2022-06-27T02:48:38Z,"1,056",[冷凍] 2人前 ミールキット 豚唐揚げとカシューナッツの旨辛炒め 調理約10分
2022-06-27T02:48:38Z,"1,112",[冷蔵] 2-3人前 ミールキット 10品目の筑前煮 柚子風味仕立て 鶏肉とさつまいも入り 調理約15分
2022-06-27T02:48:38Z,219,[冷凍] 味の素 若鶏の備長炭焼き 5個入り
2022-06-27T02:48:38Z,231,[冷凍] 味の素 水餃子 225g
2022-06-27T02:48:38Z,408,[冷凍] 味の素 ザ★チャーハン 1袋(600g)
2022-06-27T02:48:38Z,"1,145",[冷凍] 2人前 ミールキット 豚唐揚げと野菜のオイスター炒め 調理約10分
2022-06-27T02:48:38Z,"1,001",[冷蔵] 2人前 ミールキット 鶏ひき肉のピリ辛ガパオライス 調理約15分
2022-06-20T02:19:20Z,"1,297",[冷蔵] 2-3人前 ミールキット 海老のハーブマヨ炒め 調理約10分
2022-06-20T02:19:20Z,"1,511",[冷凍] 2人前 ミールキット ごろごろ具だくさん 日南どりのバターチキンカレー　ナン2枚付　調理約10分
2022-06-20T02:19:20Z,"1,094",[冷蔵]2-3人前 ミールキット ローズマリーとバジルが香る野菜のオーブン焼きキット 調理約15分
2022-06-20T02:19:20Z,"1,277",[冷凍] 2人前 ミールキット ごろごろ具だくさん　あぐー豚と野菜のあんかけ焼きそば　調理約10分
2022-06-13T08:11:32Z,230,[冷凍] 大阪王将　羽根つき餃子
2022-06-13T08:11:32Z,"1,112",[冷蔵] 2-3人前 ミールキット 10品目の筑前煮 柚子風味仕立て 鶏肉とさつまいも入り 調理約15分
2022-06-13T08:11:32Z,"1,027",[冷凍] 2人前 ミールキット 絹さやの入ったやわらかひれかつ煮 調理約15分
2022-06-13T08:11:32Z,"1,261",タイヘイ [冷蔵]2人前 ミールキット 重慶飯店監修 黒酢酢豚 1 袋
2022-06-13T08:11:32Z,"1,059",[冷凍]2人前 ミールキット 野菜ごろごろ具だくさん 九州産華味鳥と6種野菜のポトフ 調理約10分
2022-06-13T08:11:32Z,347,[冷凍] TM さぬきうどん 5食入 900g
2022-06-13T08:11:32Z,207,[冷凍] 味の素 プリプリのエビシューマイ 156g
2022-06-06T02:14:02Z,"1,093",[冷凍] 2人前 ミールキット 鶏肉 の カシューナッツ 炒めキット 調理約10分
2022-06-06T02:14:02Z,"1,476",[冷蔵] 2人前 四川風 冷し担々麺 調理約10分
2022-06-06T02:14:02Z,413,[冷凍] 味の素冷凍食品 ザ・シュウマイ 9個入
2022-06-06T02:14:02Z,204,[冷凍] 味の素 ギョーザ 12個
2022-06-06T02:14:02Z,"1,080",[冷蔵]2-3人前 ミールキット ローズマリーとバジルが香る野菜のオーブン焼きキット 調理約15分
2022-06-06T02:14:02Z,"1,490",[冷凍] 2人前 ミールキット ごろごろ具だくさん 日南どりのバターチキンカレー　ナン2枚付　調理約10分
2022-06-06T02:14:02Z,451,[冷凍] 味の素 ザ・から揚げ 270g
2022-06-01T14:10:25Z,906,メンズケシミンクリーム 男のシミ対策 トラネキサム酸配合 クリーム しみ そばかすを防ぐ 20g 【医薬部外品】 小林製薬
2022-06-01T07:33:32Z,"10,647",アバンド オレンジフレーバー 24g×30袋
2022-05-30T02:13:40Z,"1,074",[冷凍]2人前 ミールキット 野菜ごろごろ具だくさん 九州産華味鳥と6種野菜のポトフ 調理約10分
2022-05-30T02:13:40Z,"1,313",[冷蔵] 2-3人前 ミールキット 海老のハーブマヨ炒め 調理約10分
2022-05-30T02:13:40Z,"1,074",[冷凍] 2人前 ミールキット 野菜ごろごろ具だくさん 沖縄県産あぐー豚とスナップエンドウのうま塩炒め 調理約10分
2022-05-30T02:13:40Z,"1,014",[冷蔵] 2人前 ミールキット 鶏ひき肉のピリ辛ガパオライス 調理約15分
2022-05-23T02:10:33Z,"1,043",[冷凍] 2人前 ミールキット 絹さやの入ったやわらかひれかつ煮 調理約15分
2022-05-23T02:10:33Z,"1,161",[冷蔵] 2人前 ミールキット 重慶飯店監修 麻婆茄子
2022-05-23T02:10:33Z,"1,123",[冷蔵] 2-3人前 ミールキット 10品目の筑前煮 柚子風味仕立て 鶏肉とさつまいも入り 調理約15分
2022-05-23T02:10:33Z,"1,096",[冷凍] 2人前 ミールキット 鶏肉と野菜のクリーム煮 調理約15分
2022-05-16T02:36:33Z,"1,004",[冷蔵] 2人前 ミールキット 鶏ひき肉のピリ辛ガパオライス 調理約15分
2022-05-16T02:36:33Z,"1,074",[冷凍] 2人前 ミールキット 野菜ごろごろ具だくさん 沖縄県産あぐー豚とスナップエンドウのうま塩炒め 調理約10分
2022-05-16T02:36:33Z,"1,074",[冷凍]2人前 ミールキット 野菜ごろごろ具だくさん 九州産華味鳥と6種野菜のポトフ 調理約10分
2022-05-16T02:36:33Z,"1,313",[冷蔵] 2-3人前 ミールキット 海老のハーブマヨ炒め 調理約10分
2022-05-11T15:26:50Z,"2,178",【サイプラス】イビピタンネックピロー
2022-05-09T02:09:15Z,"1,520",[冷凍] 2人前 ミールキット ごろごろ具だくさん 日南どりのバターチキンカレー　ナン2枚付　調理約10分
2022-05-09T02:09:15Z,"1,114",[冷蔵] 2-3人前 ミールキット 10品目の筑前煮 柚子風味仕立て 鶏肉とさつまいも入り 調理約15分
2022-05-09T02:09:15Z,"1,034",[冷凍] 2人前 ミールキット 豚モモ と 揚げなす の みそ炒めキット 調理約10分
2022-05-09T02:09:15Z,"1,164",[冷蔵] 2人前 ミールキット サバの味噌煮 胡麻和えと焼き野菜付き 調理約10分
2022-05-02T02:19:25Z,783,カルビー フルグラ 750g
2022-05-02T02:19:25Z,985,[冷蔵] 2-3人前 ミールキット 激辛! 四川麻婆豆腐キット 調理約10分
2022-05-02T02:19:25Z,995,[冷蔵] 2-3人前 ミールキット 鶏ひき肉のピリ辛ガパオライス 調理約10分
2022-05-02T02:19:25Z,"1,065",[冷凍] 2人前 ミールキット 野菜ごろごろ具だくさん 沖縄県産あぐー豚とスナップエンドウのうま塩炒め 調理約10分
2022-05-02T02:19:25Z,"1,085",[冷凍] 2人前 ミールキット 鶏肉と野菜のクリーム煮 調理約15分
2022-04-28T21:11:28Z,"10,647",アバンド オレンジフレーバー 24g×30袋
2022-04-26T02:37:31Z,482,【第3類医薬品】ホウ酸P 18包
2022-04-25T04:11:39Z,"1,263",タイヘイ [冷蔵]2人前 ミールキット 重慶飯店監修 黒酢酢豚 1 袋
2022-04-25T04:11:39Z,"1,060",[冷凍]2人前 ミールキット 野菜ごろごろ具だくさん 九州産華味鳥と6種野菜のポトフ 調理約10分
2022-04-25T04:11:39Z,"1,238",[冷蔵] 2-3人前 ミールキット 海老のハーブマヨ炒め 調理約10分
2022-04-25T04:11:39Z,"1,512",[冷凍] 2人前 ミールキット ごろごろ具だくさん 日南どりのバターチキンカレー　ナン2枚付　調理約10分
2022-04-18T02:35:08Z,272,無印良品 素材を生かしたカレー キーマ 180g(1人前) 02861308
2022-04-18T02:35:08Z,"1,005",[冷蔵] 2-3人前 ミールキット 鶏ひき肉のピリ辛ガパオライス 調理約10分
2022-04-18T02:35:08Z,"1,043",[冷凍] 2人前 ミールキット 絹さやの入ったやわらかひれかつ煮 調理約15分
2022-04-18T02:35:08Z,988,[冷凍] 2人前 ミールキット 肉じゃが 調理約15分
2022-04-18T02:35:08Z,"1,103",[冷蔵]2-3人前 ミールキット ローズマリーとバジルが香る野菜のオーブン焼きキット 調理約15分
2022-04-12T08:46:12Z,"11,200",アバンド オレンジフレーバー 24g×30袋
2022-04-12T08:08:00Z,"1,223",【第3類医薬品】デリケアM's 35g ※セルフメディケーション税制対象商品
2022-04-11T02:18:51Z,"1,068",[冷凍]2人前 ミールキット 野菜ごろごろ具だくさん 九州産華味鳥と6種野菜のポトフ 調理約10分
2022-04-11T02:18:51Z,"1,307",[冷蔵] 2-3人前 ミールキット 海老のハーブマヨ炒め 調理約10分
2022-04-11T02:18:51Z,"1,069",[冷凍] 2人前 ミールキット 野菜ごろごろ具だくさん 沖縄県産あぐー豚とスナップエンドウのうま塩炒め 調理約10分
2022-04-11T02:18:51Z,"1,272",タイヘイ [冷蔵]2人前 ミールキット 重慶飯店監修 黒酢酢豚 1 袋
2022-04-04T02:34:56Z,"1,087",[冷蔵]2-3人前 ミールキット ローズマリーとバジルが香る野菜のオーブン焼きキット 調理約15分
2022-04-04T02:34:56Z,974,[冷凍] 2人前 ミールキット 肉じゃが 調理約15分
2022-04-04T02:34:56Z,"1,070",ケロッグ フルーツグラノラ 朝摘みいちご 大容量 850g
2022-04-04T02:34:56Z,990,[冷蔵] 2-3人前 ミールキット 鶏ひき肉のピリ辛ガパオライス 調理約10分
2022-04-04T02:34:56Z,"1,080",[冷凍] 2人前 ミールキット 鶏肉と野菜のクリーム煮 調理約15分
2022-03-27T07:56:07Z,"2,508",【第2類医薬品】ヒルマイルドクリーム 100ｇ
2022-03-27T02:32:30Z,"1,084",[冷凍]2人前 ミールキット 野菜ごろごろ具だくさん 沖縄県産あぐー豚の太平燕(タイピーエン) 調理約10分
2022-03-27T02:32:30Z,"1,041",[冷蔵] 2-3人前 ミールキット ほくほくポテトのミートソースラザニア 調理約15分
2022-03-27T02:32:30Z,993,[冷蔵] 2-3人前 ミールキット 激辛! 四川麻婆豆腐キット 調理約10分
2022-03-27T02:32:30Z,"1,040",[冷凍] 2人前 ミールキット 絹さやの入ったやわらかひれかつ煮 調理約15分
2022-03-27T02:32:30Z,375,無印良品 素材を生かした シチリアレモンのクリーミーチキンカレー 180g(1人前) 44220894 180グラム
2022-03-25T08:39:47Z,"4,200",使い捨て不織布マスク デルガード ふんわりソフトなやわふわマスク ふつうサイズ 個別包装30枚入りＸ5パック
2022-03-21T04:28:00Z,85,[冷蔵] グリコ Pカフェオーレ 180ml
2022-03-21T04:28:00Z,"1,051",[冷蔵]2-3人前 ミールキット ローズマリーとバジルが香る野菜のオーブン焼きキット 調理約15分
2022-03-21T04:28:00Z,"1,161",[冷蔵] 2人前 ミールキット 重慶飯店監修 麻婆茄子
2022-03-21T04:28:00Z,"1,095",[冷凍] 2人前 ミールキット 鶏肉と野菜のクリーム煮 調理約15分
2022-03-21T04:28:00Z,988,[冷凍] 2人前 ミールキット 肉じゃが 調理約15分
2022-03-14T00:36:01Z,994,[冷蔵] 2-3人前 ミールキット 激辛! 四川麻婆豆腐キット 調理約10分
2022-03-14T00:36:01Z,279,ミツカン 〆まで美味しい 焼あごだし鍋つゆ ストレート 750g
2022-03-14T00:36:01Z,"1,072",[冷凍]2人前 ミールキット 野菜ごろごろ具だくさん 九州産華味鳥と6種野菜のポトフ 調理約10分
2022-03-14T00:36:01Z,"1,084",[冷凍]2人前 ミールキット 野菜ごろごろ具だくさん 沖縄県産あぐー豚の太平燕(タイピーエン) 調理約10分
2022-03-14T00:36:01Z,"1,100",[冷蔵]2-3人前 ミールキット ローズマリーとバジルが香る野菜のオーブン焼きキット 調理約15分
2022-03-07T00:56:36Z,234,[冷蔵] キリン トロピカーナ 100% まるごと果実感 グレープフルーツ 900ml
2022-03-07T00:56:36Z,"1,001",[冷蔵] 2-3人前 ミールキット 鶏ひき肉のピリ辛ガパオライス 調理約10分
2022-03-07T00:56:36Z,"1,158",[冷蔵] 2人前 ミールキット 重慶飯店監修 麻婆茄子
2022-03-07T00:56:36Z,"1,040",[冷凍] 2人前 ミールキット 絹さやの入ったやわらかひれかつ煮 調理約15分
2022-03-07T00:56:36Z,"1,092",[冷凍] 2人前 ミールキット 鶏肉と野菜のクリーム煮 調理約15分
2022-02-27T22:20:03Z,"1,375",マ・マー あえるだけパスタソース カルボナーラ 140g
2022-02-27T22:20:03Z,"1,140",[冷蔵] 2人前 ミールキット 重慶飯店監修 麻婆茄子
2022-02-27T22:20:03Z,"1,066",[冷凍]2人前 ミールキット 野菜ごろごろ具だくさん 沖縄県産あぐー豚の太平燕(タイピーエン) 調理約10分
2022-02-27T22:20:03Z,969,[冷凍] 2人前 ミールキット 肉じゃが 調理約15分
2022-02-27T22:20:03Z,985,[冷蔵] 2-3人前 ミールキット 鶏ひき肉のピリ辛ガパオライス 調理約10分
2022-02-21T08:46:23Z,"11,300",アバンド オレンジフレーバー 24g×30袋
2022-02-17T04:41:01Z,"1,125",[冷蔵] 2人前 ミールキット 重慶飯店監修 麻婆茄子
2022-02-17T04:41:01Z,"1,011",[冷凍] 2人前 ミールキット 絹さやの入ったやわらかひれかつ煮 調理約15分
2022-02-17T04:41:01Z,319,味の素 鍋キューブ 鶏だし・うま塩 8個入
2022-02-17T04:41:01Z,"1,068",[冷蔵]2-3人前 ミールキット ローズマリーとバジルが香る野菜のオーブン焼きキット 調理約15分
2022-02-17T04:41:01Z,"1,062",[冷凍] 2人前 ミールキット 鶏肉と野菜のクリーム煮 調理約15分
2022-02-17T04:41:01Z,"1,053",[冷凍]2人前 ミールキット 野菜ごろごろ具だくさん 沖縄県産あぐー豚の太平燕(タイピーエン) 調理約10分
2022-02-17T04:41:01Z,958,[冷凍] 2人前 ミールキット 肉じゃが 調理約15分
2022-02-10T05:21:21Z,"1,064",[冷凍] 2人前 ミールキット 鶏肉と野菜のクリーム煮 調理約15分
2022-02-10T05:21:21Z,"1,055",[冷凍]2人前 ミールキット 野菜ごろごろ具だくさん 沖縄県産あぐー豚の太平燕(タイピーエン) 調理約10分
2022-02-10T05:21:21Z,975,[冷蔵] 2-3人前 ミールキット 鶏ひき肉のピリ辛ガパオライス 調理約10分
2022-02-10T05:21:21Z,"1,070",[冷蔵]2-3人前 ミールキット ローズマリーとバジルが香る野菜のオーブン焼きキット 調理約15分
2022-02-10T05:21:21Z,"1,243",[冷蔵]2人前 ミールキット 重慶飯店監修 回鍋肉 調理約10分
2022-02-10T05:21:21Z,"1,012",[冷凍] 2人前 ミールキット 絹さやの入ったやわらかひれかつ煮 調理約15分
2022-02-04T08:43:26Z,999,[冷凍] 2人前 ミールキット ローストチキン と 彩り野菜 の みぞれ炒め キット 調理約10分
2022-02-04T08:43:26Z,"1,000",[冷蔵] 2-3人前 ミールキット 鶏ひき肉のピリ辛ガパオライス 調理約10分
2022-02-04T08:43:26Z,426,無印良品 食べるスープ 5種野菜のミネストローネ 4食 82144017
2022-02-04T08:43:26Z,"1,081",[冷凍]2人前 ミールキット 野菜ごろごろ具だくさん 沖縄県産あぐー豚の太平燕(タイピーエン) 調理約10分
2022-02-04T08:43:26Z,"1,156",[冷蔵] 2人前 ミールキット 重慶飯店監修 麻婆茄子
2022-01-27T00:47:33Z,981,[冷凍] 2人前 ミールキット 肉じゃが 調理約15分
2022-01-27T00:47:33Z,939,[冷蔵] 2~3人前 ミールキット 国産豚肉とシャキシャキ野菜の回鍋肉 調理約10分
2022-01-27T00:47:33Z,"1,271",[冷蔵]2人前 ミールキット 重慶飯店監修 回鍋肉 調理約10分
2022-01-27T00:47:33Z,"1,117",[冷凍] 2人前 ミールキット ごろごろ野菜のクラムチャウダー 調理約10分
2022-01-27T00:47:33Z,475,[冷蔵] タカナシ牛乳3.6 1000ml
2022-01-25T15:29:40Z,818,アテント 紙パンツ用 尿とりパッド 4回吸収 28枚 15.5×52cm ぴったり超安心 パンツ式用
2022-01-20T00:43:39Z,"1,159",[冷凍] 2人前 ミールキット 豚唐揚げと野菜のオイスター炒め 調理約10分
2022-01-20T00:43:39Z,"1,002",[冷蔵] 2-3人前 ミールキット 鶏ひき肉のピリ辛ガパオライス 調理約10分
2022-01-20T00:43:39Z,"1,093",[冷凍] 2人前 ミールキット 鶏肉と野菜のクリーム煮 調理約15分
2022-01-20T00:43:39Z,"1,277",タイヘイ [冷蔵]2人前 ミールキット 重慶飯店監修 黒酢酢豚 1 袋
2022-01-17T16:55:16Z,"1,141",味の素 ほんだし 60g×5個
2022-01-11T23:52:05Z,343,アサヒグループ食品 アマノフーズ うちのおみそ汁なす5食
2022-01-11T23:52:05Z,"1,219",[冷蔵]2人前 ミールキット 重慶飯店監修 回鍋肉 調理約10分
2022-01-11T23:52:05Z,"1,987",[冷凍] 2人前 ミールキット 絹さやの入ったやわらかひれかつ煮 調理約15分
2022-01-11T23:52:05Z,994,[冷蔵] 2-3人前 ミールキット ほくほくカボチャとチーズのラザニア 調理約15分
2022-01-11T23:52:05Z,"1,044",[冷凍] 2人前 ミールキット 鶏肉と野菜のクリーム煮 調理約15分
2022-01-11T23:52:05Z,990,[冷凍]2人前 ミールキット クラシル 10種のスパイス入り クリーミーな 「バターチキンカレー」 調理約20分
2022-01-11T23:52:05Z,343,アサヒグループ食品 アマノフーズ 減塩うちのおみそ汁野菜5食
2022-01-11T23:52:05Z,"2,193",[冷蔵] 国産 一度も凍結していない 生本まぐろ(養殖) 赤身 サク 180g [到着日+1日 賞味・消費期限保証]
2022-01-06T00:26:57Z,"1,147",[冷蔵] 2人前 ミールキット 重慶飯店監修 麻婆茄子
2022-01-06T00:26:57Z,"1,030",[冷凍] 2人前 ミールキット 絹さやの入ったやわらかひれかつ煮 調理約15分
2022-01-06T00:26:57Z,993,[冷蔵] 2-3人前 ミールキット 鶏ひき肉のピリ辛ガパオライス 調理約10分
2022-01-06T00:26:57Z,735,[冷蔵] タカナシ牛乳3.6 1000ml
2022-01-06T00:26:57Z,"1,148",[冷凍]2人前 ミールキット クラシル 10種のスパイス入り クリーミーな 「バターチキンカレー」 調理約20分
2022-01-04T09:33:25Z,"10,073",象印 ミキサー ミルつき 1L ブラック BM-SS10-BA
2021-12-29T08:52:07Z,"8,164",デロンギ(DeLonghi) カプスーラ 電気セラミックファンヒーター ブラック HFX30C11-AG
2021-12-29T08:52:02Z,"3,973",パナソニック ハンドミキサー 泡立て器 速度3段切り替え機能 ホワイト MK-H4-W
2021-12-29T01:42:16Z,"1,041",[冷蔵] 2-3人前 ミールキット ほくほくカボチャとチーズのラザニア 調理約15分
2021-12-29T01:42:16Z,"1,036",[冷凍]2人前 ミールキット クラシル 10種のスパイス入り クリーミーな 「バターチキンカレー」 調理約20分
2021-12-29T01:42:16Z,"1,041",[冷凍] 2人前 ミールキット 絹さやの入ったやわらかひれかつ煮 調理約15分
2021-12-29T01:42:16Z,"1,003",[冷蔵] 2-3人前 ミールキット 鶏ひき肉のピリ辛ガパオライス 調理約10分
2021-12-29T01:42:16Z,383,無印良品 素材を生かしたカレー トマトのキーマ 180g(1人前) 82143546
2021-12-27T08:52:41Z,"1,980",次亜塩素酸水 200ppm 超大容量 360L分 1000ppm 400ppm 100ppm 50ppm 40ppm 各濃度対応 生成 パウダー 粉 顆粒 次亜塩素酸 次亜塩素酸水の素 プール除菌 ジクロロイソシアヌル酸Na 太陽コロナ ウイルス除菌剤 60g×2袋 120g
2021-12-23T00:51:55Z,168,[冷蔵] グリコ Pカフェオーレ 180ml
2021-12-23T00:51:55Z,"1,131",[冷蔵] 2-3人前 ミールキット 牛肉ときのこのビーフシチューキット 調理約10分
2021-12-23T00:51:55Z,"2,244",[冷蔵] 国産 一度も凍結していない 生本まぐろ(養殖) 赤身 サク 180g [到着日+1日 賞味・消費期限保証]
2021-12-23T00:51:55Z,384,エスビー食品 予約でいっぱいの店のボンゴレビアンコ 95.1g
2021-12-23T00:51:55Z,"1,074",[冷蔵]2-3人前 ミールキット ローズマリーとバジルが香る野菜のオーブン焼きキット 調理約15分
2021-12-23T00:51:55Z,969,[冷蔵] 2-3人前 ミールキット 激辛! 四川麻婆豆腐キット 調理約10分
2021-12-20T02:00:47Z,"11,200",アバンド オレンジフレーバー 24g×30袋
2021-12-15T21:52:20Z,"2,215",[冷蔵] 国産 一度も凍結していない 生本まぐろ(養殖) 赤身 サク 180g [到着日+1日 賞味・消費期限保証]
2021-12-15T21:52:20Z,"1,784",アテント うす型 スーパーフィット テープ式 S~M 20枚 背モレ・横モレも防ぐ 【介助があれば座れる方】
2021-12-15T21:52:20Z,"1,117",[冷蔵] 2人前 ミールキット 重慶飯店監修 麻婆茄子
2021-12-15T21:52:20Z,313,味の素 鍋キューブ 濃厚白湯 73g
2021-12-15T21:52:20Z,"1,044",[冷凍]2人前 ミールキット 野菜ごろごろ具だくさん 国産鮭とほうれん草のバジルクリーム煮 北海道産じゃがいもニョッキ添え 調理約10分 1 個
2021-12-15T21:52:20Z,"1,054",[冷凍] 2人前 ミールキット 鶏肉と野菜のクリーム煮 調理約15分
2021-12-11T13:23:36Z,660,グリーティングライフ カード 和風 クリスマス 年末年始 扇と花 ３枚セット SN-107-AM
2021-12-01T22:02:04Z,"1,005",[冷凍] 2人前 ミールキット ローストチキン と 彩り野菜 の みぞれ炒め キット 調理約10分
2021-12-01T22:02:04Z,932,[冷凍]2人前 ミールキット クラシル 10種のスパイス入り クリーミーな 「バターチキンカレー」 調理約20分
2021-12-01T22:02:04Z,852,[冷凍] 2人前 ミールキット 絹さやの入ったやわらかひれかつ煮 調理約15分
2021-12-01T22:02:04Z,330,味の素 ほんだし 120g
2021-12-01T22:02:04Z,897,[冷凍] 2人前 ミールキット 鶏肉と野菜のクリーム煮 調理約15分
2021-11-24T22:17:01Z,939,[冷蔵] 中沢乳業 フレッシュクリーム45% 200ml
2021-11-24T22:17:01Z,85,[冷蔵] おかめ納豆 まろやか旨味ミニ 3個
2021-11-24T22:17:01Z,"1,274",[冷蔵]2人前 ミールキット 重慶飯店監修 回鍋肉 調理約10分
2021-11-24T22:17:01Z,382,無印良品 素材を生かした チキンの大盛りカレー 300g(1人前) 82602937
2021-11-24T22:17:01Z,375,無印良品 素材を生かした シチリアレモンのクリーミーチキンカレー 180g(1人前) 44220894 180グラム
2021-11-24T22:17:01Z,"1,398",[冷凍]2人前 ミールキット 野菜ごろごろ具だくさん 宮崎県産黒毛和牛とれんこんとブロッコリーの醬油麴炒め 調理約10分 1 個
2021-11-24T22:17:01Z,154,[冷凍] 江崎グリコ パピコ 地中海レモン 80ml×2本
2021-11-22T01:47:05Z,335,[冷蔵] 伊藤ハム グランドアルトバイエルン 127g 2パック
2021-11-22T01:47:05Z,362,アサヒグループ食品 アマノフーズ 減塩うちのおみそ汁なす5食
2021-11-22T01:47:05Z,878,[冷凍] 2人前 ミールキット 鶏肉と野菜のクリーム煮 調理約15分
2021-11-22T01:47:05Z,786,[冷蔵] 2人前 ミールキット RF1 ローストビーフと揚げごぼうの旨みサラダ
2021-11-22T01:47:05Z,836,[冷凍] 2人前 ミールキット 絹さやの入ったやわらかひれかつ煮 調理約15分
2021-11-22T01:47:05Z,"1,235",[冷凍] RF1 北海道産帆立と海老のハーブグリル 1～2人前
2021-11-17T22:02:04Z,231,[冷凍] 日清フーズ　マ・マー　THE PASTA　ソテースパゲティ宮崎県産ほうれん草のバター醤油風味
2021-11-17T22:02:04Z,"1,139",[冷凍]2人前 ミールキット クラシル 10種のスパイス入り クリーミーな 「バターチキンカレー」 調理約20分
2021-11-17T22:02:04Z,160,味の素 50g
2021-11-17T22:02:04Z,"1,151",[冷蔵] 2人前 ミールキット 重慶飯店監修 麻婆茄子
2021-11-17T22:02:04Z,238,S&B ブラックペッパー(ホール) 35g
2021-11-17T22:02:04Z,231,マ・マー あえるだけパスタソース カルボナーラ 140g
2021-11-17T22:02:04Z,349,[冷凍] 日清フーズ　マ・マー　THE PASTA　パルミジャーノ・レッジャーノの濃厚カルボナーラ
2021-11-17T22:02:04Z,"1,065",[冷凍]2人前 ミールキット 野菜ごろごろ具だくさん 九州産華味鳥と6種野菜のポトフ 調理約10分
2021-11-17T22:02:04Z,208,永谷園 さけ茶づけ 6袋入
2021-11-17T22:02:04Z,113,[冷凍] 江崎グリコ パピコ チョココーヒー 80ml×2本
2021-11-17T06:47:17Z,"2,201",アルケア アンシルク・ビバナス ハイソックス C&Gソックス 18312 ブラック M
2021-11-13T22:31:57Z,"1,271",[冷蔵] 2人前 ミールキット チキンステーキと彩り野菜のハニーマスタード風ソテー 調理約15分
2021-11-13T22:31:57Z,"1,900",MS+B 「ウィルキンソン タンサン」炭酸水 ラベルレスボトル 500ml×24本 [Amazon限定ブランド]
2021-11-13T22:31:57Z,"1,068",[冷凍] 2人前 ミールキット 牛肉と5種野菜の焼きすき 調理約10分
2021-11-13T22:31:57Z,102,[冷蔵] おかめ納豆 まろやか旨味ミニ 3個
2021-11-13T22:31:57Z,343,[冷凍] まぐろ たたき 50g×2パック [到着日+6日 賞味・消費期限保証]
2021-11-13T22:31:57Z,212,ジョンソン&ジョンソン ベビーパウダー プラスチック容器 140g
2021-11-13T22:31:57Z,635,成城石井 枕崎産 かつお本枯節削り 80g
2021-11-13T22:31:57Z,464,花王ホワイト バスサイズ 6コ箱
2021-11-12T15:29:53Z,"5,471",アイリスオーヤマ LED電球 口金直径26mm 広配光 60W形相当 電球色 2個パック 密閉器具対応 LDA7L-G-6T62P
2021-11-03T23:23:35Z,"3,200",テルモ JP-U21KMB ジョブスト ウルトラシアー20 つま先なし ブラック M ハイソックス
2021-10-19T16:20:33Z,"3,780",医療用弾性ストッキング レックスフィット ハイソックス マイクロファイバー＆コットン ネイビー 中圧 (M)
2021-09-26T21:24:49Z,"1,580","着圧ソックス, 加圧 脚やせ 美脚サポーター むくみ解消 ふくらはぎサポーター 段階着圧 引き締め 血行促進 着圧ハイソックス 静脈瘤予防 弾性ストッキング 立ち仕事 スポーツ お出かけ用 (M, つま先ありーブラック)"
2021-09-23T08:45:34Z,"2,179",アルケア アンシルク・ビバナス ハイソックス C&Gソックス 18312 ブラック M
2021-09-23T08:14:46Z,"1,362",【第3類医薬品】デリケアM's 35g
2019-08-12T02:04:50Z,"1,890",夢ゲンクールタオル(ピンク)
2019-08-12T01:21:23Z,"1,890",夢ゲンクールタオル(ブルー)
2019-08-11T08:40:05Z,"1,170",YONIK 汗取りシート 帽子 汗取りパッド 襟 よごれガードテープ 汗吸収 防臭シート 無香料 あせジミ防止 暑さ対策 (20枚)
2017-07-30T08:07:05Z,"8,688",積水樹脂商事 ステンレス多機能ものほし台 ほすおー HD-30S
2016-05-30T07:04:29Z,"3,024",◇◆縁起の良い樹☆マンリョウ(万両)樹高３０ｃｍ前後 ポット苗◆◇
2015-02-19T05:02:25Z,"5,664",Colnatα | 長袖ポロシャツ（ポケット付） （東レ素材） ホワイト L
2014-03-11T22:44:06Z,"2,556",7倍拡大鏡付き スタンドミラー 丸(径198mm) YL-073
2013-10-06T03:16:13Z,"1,470",アルツハイマー病は今すぐ予防しなさい 第一人者が教える脳の守り方
2013-09-08T09:39:48Z,"10,944",SONY ワンセグTV音声/FMステレオ/AMラジオ ブラック XDR-55TV/B
2013-08-28T01:04:35Z,"1,365",統合失調症がやってきた
2013-08-25T08:56:24Z,"1,680",子どもに語るアラビアンナイト
2013-07-29T07:08:48Z,"8,146",抽選 輪投げゲーム
2013-01-12T10:12:58Z,"2,735",Colnatα | 長袖ポロシャツ（ポケット付） （東レ素材） ホワイト M
2012-12-16T13:09:24Z,"4,168",仮面ライダーウィザード 赤外線コントロール マシンウィンガー
2012-09-27T00:16:23Z,"2,205",認知症予防 読めば納得!脳を守るライフスタイルの秘訣
2012-07-19T23:18:55Z,"1,113",功利主義入門　: はじめての倫理学 (ちくま新書)
2012-06-18T12:32:53Z,"1,890",絵本と童話の作り方
2012-04-30T05:46:22Z,"1,890",自分でできる遺言書
2012-04-30T05:46:22Z,"1,890",家族も安心「エンディングノート」自分で決めるお葬式と手続き
2012-04-06T04:15:48Z,"1,000",財務省のマインドコントロール
2012-02-17T04:02:41Z,798,大往生したけりゃ医療とかかわるな (幻冬舎新書)
2012-01-21T09:45:46Z,"5,345",レゴ 基本セット 青のコンテナスーパーデラックス 5508
2011-12-04T09:17:34Z,"1,832",木挽町月光夜咄
2011-12-04T09:17:34Z,569,銀の匙 (岩波文庫)
2011-11-15T10:32:12Z,"2,244",プラレールトーマス ゴードン T-04
2011-11-04T09:34:42Z,560,世界史のなかの満洲帝国 (PHP新書)
2011-07-08T21:24:02Z,"1,260",エネルギーと原発のウソをすべて話そう
2011-07-08T21:24:02Z,777,原発のウソ (扶桑社新書)
2011-01-12T06:30:04Z,"21,260",BRIO 2010クリスマス限定レールセット 80000-091
2010-02-01T16:32:35Z,"1,533",キャプテンスタッグ(CAPTAIN STAG) クラーク木柄バーベキュートング M-9090
2010-02-01T16:32:35Z,377,キャプテンスタッグ(CAPTAIN STAG) 炭バサミ 305 M-7657
2010-02-01T16:32:35Z,"1,534",キャプテンスタッグ(CAPTAIN STAG) 炭焼き名人 大型火起こし器 M-6637
2009-05-14T13:04:09Z,"1,835",風の中のマリア
